,id,title,permalink,post_hint,url,created_utc,ups,downs,upvote_ratio,score,subreddit_id,subreddit_name_prefixed,subreddit_subscribers,over_18,num_comments,is_original_content,is_self,is_video,author,author_fullname,author_premium,content_categories,edited,domain
0,l8rf4k,Times Square right now,/r/wallstreetbets/comments/l8rf4k/times_square_right_now/,hosted:video,https://v.redd.it/x64z70f7eie61,1612029638.0,481294,0,0.99,481294,t5_2th52,r/wallstreetbets,14448536,False,13931,False,False,True,SomeGuyInDeutschland,t2_cxhbp,True,,False,v.redd.it
1,haucpf,"I‚Äôve found a few funny memories during lockdown. This is from my 1st tour in 89, backstage in Vegas.",/r/pics/comments/haucpf/ive_found_a_few_funny_memories_during_lockdown/,image,https://i.redd.it/f58v4g8mwh551.jpg,1592410647.0,438830,0,0.99,438830,t5_2qh0u,r/pics,30281450,False,19003,True,False,False,ReallyRickAstley,t2_11yd5w,True,['photography'],False,i.redd.it
2,62sjuh,"The Senate. Upvote this so that people see it when they Google ""The Senate"".",/r/movies/comments/62sjuh/the_senate_upvote_this_so_that_people_see_it_when/,image,http://i.imgur.com/ChYwfMq.jpg,1491051474.0,432302,0,0.97,432302,t5_2qh3s,r/movies,31797819,False,5105,False,False,False,serventofgaben,t2_nifnj,False,,False,i.imgur.com
3,jptqj9,Joe Biden elected president of the United States,/r/news/comments/jptqj9/joe_biden_elected_president_of_the_united_states/,link,https://apnews.com/article/election-2020-joe-biden-north-america-national-elections-elections-7200c2d4901d8e47f1302954685a737f,1604766517.0,365128,0,0.88,365128,t5_2qh3l,r/news,26967343,False,28395,False,False,False,throwawaynumber53,t2_fkqop,True,,False,apnews.com
4,t4cdik,"In 1996 Ukraine handed over nuclear weapons to Russia ""in exchange for a guarantee never to be threatened or invaded"".",/r/interestingasfuck/comments/t4cdik/in_1996_ukraine_handed_over_nuclear_weapons_to/,image,https://i.redd.it/q25xyjhvxsk81.png,1646153475.0,345782,0,0.96,345782,t5_2qhsa,r/interestingasfuck,11454312,False,7732,False,False,False,IceBuurn,t2_1avyo4,False,,False,i.redd.it
5,l6wu59,UPVOTE so everyone sees we got SUPPORT,/r/wallstreetbets/comments/l6wu59/upvote_so_everyone_sees_we_got_support/,image,https://i.redd.it/sgoqy8nyt2e61.png,1611841234.0,336148,0,0.98,336148,t5_2th52,r/wallstreetbets,14448536,False,12891,False,False,False,vrweensy,t2_6d70j6ko,False,,False,i.redd.it
6,90bu6w,Heat index was 110 degrees so we offered him a cold drink. He went for a full body soak instead,/r/aww/comments/90bu6w/heat_index_was_110_degrees_so_we_offered_him_a/,hosted:video,https://v.redd.it/gyh95hiqc0b11,1532051078.0,329546,0,0.99,329546,t5_2qh1o,r/aww,34872600,False,4286,False,False,True,FootLoosePickleJuice,t2_f6xsvv9,True,,False,v.redd.it
7,u33nuc,he finally got his acorn ü•∫,/r/MadeMeSmile/comments/u33nuc/he_finally_got_his_acorn/,hosted:video,https://v.redd.it/wbzsit1ltdt81,1649893046.0,326952,0,0.97,326952,t5_2uqcm,r/MadeMeSmile,8585510,False,3507,False,False,True,Daldrich214,t2_14e5cs,True,,False,v.redd.it
8,v7x39u,"Man stops to rescue kitten, gets ambushed by platoon",/r/aww/comments/v7x39u/man_stops_to_rescue_kitten_gets_ambushed_by/,hosted:video,https://v.redd.it/ja18l19v2g491,1654714720.0,322746,0,0.97,322746,t5_2qh1o,r/aww,34872600,False,7260,False,False,True,JediWithAnM4,t2_6fgj4uoy,True,,False,v.redd.it
9,sdgrma,Adding gold foil to this thread I came across,/r/oddlysatisfying/comments/sdgrma/adding_gold_foil_to_this_thread_i_came_across/,hosted:video,https://v.redd.it/o8fp4iyum3e81,1643232037.0,321071,0,0.97,321071,t5_2x93b,r/oddlysatisfying,10132504,False,2567,False,False,True,tfoust10,t2_84bww,True,,False,v.redd.it
10,z3yc71,"A lady working concert security tries to stop a guy walking backstage, not realising its Lamb of God vocalist, Randy Blythe. He's a complete gentleman about it.",/r/HumansBeingBros/comments/z3yc71/a_lady_working_concert_security_tries_to_stop_a/,hosted:video,https://v.redd.it/kbhiw9s1lz1a1,1669334000.0,307712,0,0.99,307712,t5_2xh58,r/HumansBeingBros,5345733,False,1011,False,False,True,mrlonelywolf,t2_u05vx,False,,False,v.redd.it
11,l78uct,GME YOLO update ‚Äî Jan 28 2021,/r/wallstreetbets/comments/l78uct/gme_yolo_update_jan_28_2021/,image,https://i.redd.it/opzucppb15e61.png,1611867983.0,297419,0,0.98,297419,t5_2th52,r/wallstreetbets,14448536,False,23122,False,False,False,DeepFuckingValue,t2_49l8qytq,True,,False,i.redd.it
12,n1s9ub,Dodging a cash-in-transit robbery. The man has balls of steel,/r/nextfuckinglevel/comments/n1s9ub/dodging_a_cashintransit_robbery_the_man_has_balls/,hosted:video,https://v.redd.it/hg672cvevaw61,1619783831.0,291305,0,0.99,291305,t5_m0bnr,r/nextfuckinglevel,8505215,False,12415,False,False,True,TopCat933,t2_8e4s6j2,False,,False,v.redd.it
13,11ia0od,"Hi, I‚Äôm Keanu Reeves, AMA",/r/movies/comments/11ia0od/hi_im_keanu_reeves_ama/,image,https://i.redd.it/mlgq2heerrla1.jpg,1677956474.0,285546,0,0.92,285546,t5_2qh3s,r/movies,31797819,False,32854,False,False,False,lionsgate,t2_2yjg9dt0,True,,False,i.redd.it
14,hzkbop,"Meet the newest member of the family, Dutch!",/r/aww/comments/hzkbop/meet_the_newest_member_of_the_family_dutch/,image,https://i.redd.it/fj8vqooc8nd51.jpg,1595961815.0,285156,0,0.98,285156,t5_2qh1o,r/aww,34872600,False,3548,False,False,False,GovSchwarzenegger,t2_9r4qc,True,,False,i.redd.it
15,hrpgzt,Leaked Drone footage of shackled and blindfolded Uighur Muslims led from trains. As a German this is especially chilling.,/r/gifs/comments/hrpgzt/leaked_drone_footage_of_shackled_and_blindfolded/,rich:video,https://gfycat.com/welldocumentedgrizzledafricanwilddog,1594826369.0,282946,0,0.96,282946,t5_2qt55,r/gifs,21674046,False,12694,False,False,False,i_hate_kitten,t2_cckk8,False,,False,gfycat.com
16,t0hm79,"Large crowd of antiwar protestors in St. Petersburg, Russia",/r/nextfuckinglevel/comments/t0hm79/large_crowd_of_antiwar_protestors_in_st/,hosted:video,https://v.redd.it/vlao01yyotj81,1645726744.0,274785,0,0.96,274785,t5_m0bnr,r/nextfuckinglevel,8505215,False,3551,False,False,True,goforth1457,t2_107xeq,False,,False,v.redd.it
17,ehb706,"Ever since my niece saw Toy Story, she shouts ‚ÄúI‚Äôm leaving!‚Äù and then peeks at her room like this",/r/aww/comments/ehb706/ever_since_my_niece_saw_toy_story_she_shouts_im/,image,https://i.redd.it/nbf6kvcbwm741.jpg,1577652148.0,273292,0,0.97,273292,t5_2qh1o,r/aww,34872600,False,2208,False,False,False,finestjun,t2_va78b,False,,False,i.redd.it
18,t3j0tu,"Ukrainian ambassador to the UN pretty much tells Putin to kill himself: ""If he wants to kill himself, he doesn't need to use nuclear arsenal. He has to do what the guy in Berlin did in a bunker in May 1945""",/r/interestingasfuck/comments/t3j0tu/ukrainian_ambassador_to_the_un_pretty_much_tells/,hosted:video,https://v.redd.it/zjb48tj2llk81,1646064452.0,272128,0,0.93,272128,t5_2qhsa,r/interestingasfuck,11454312,False,5860,False,False,True,PeasKhichra,t2_i5y5eyum,True,,False,v.redd.it
19,fi2zjs,If this is you: Fuck you,/r/pics/comments/fi2zjs/if_this_is_you_fuck_you/,image,https://i.redd.it/b9hkx5md2hm41.jpg,1584119279.0,271994,0,0.96,271994,t5_2qh0u,r/pics,30281450,False,15684,False,False,False,onyxandcake,t2_pndlm,False,['photography'],False,i.redd.it
20,j6ed00,This pencil drawing took me over 250 hours to complete.,/r/nextfuckinglevel/comments/j6ed00/this_pencil_drawing_took_me_over_250_hours_to/,image,https://i.redd.it/h9bf2norojr51.jpg,1602020849.0,270546,0,0.97,270546,t5_m0bnr,r/nextfuckinglevel,8505215,False,4722,False,False,False,keeganhall,t2_gs8km,True,,False,i.redd.it
21,ccr8c8,"Take your time, you got this",/r/gaming/comments/ccr8c8/take_your_time_you_got_this/,image,https://i.redd.it/5ugttvttk3a31.jpg,1563035293.0,269758,0,0.98,269758,t5_2qh03,r/gaming,38633563,False,3568,False,False,False,SrGrafo,t2_816cd,True,,False,i.redd.it
22,oaw4v8,"‚ÄúThe dog on the Left is award winning showdog named Arnie an AKC French Bulldog..The dog on the right is Flint, bred in the Netherlands by Hawbucks French Bulldogs - a breeder trying to establish a new, healthier template for French Bulldogs.‚Äù",/r/interestingasfuck/comments/oaw4v8/the_dog_on_the_left_is_award_winning_showdog/,image,https://i.redd.it/ln1g7d1wae871.jpg,1625055526.0,266626,0,0.98,266626,t5_2qhsa,r/interestingasfuck,11454312,False,6963,False,False,False,MattyIce6969,t2_asa41yq,False,,False,i.redd.it
23,sm3sdl,My turtle follows me and seeks out affection. Biologist have reached out to me because this is not even close to normal behavior. He just started one day and has never stopped. I don‚Äôt know why.,/r/interestingasfuck/comments/sm3sdl/my_turtle_follows_me_and_seeks_out_affection/,hosted:video,https://v.redd.it/fko4j44oa9g81,1644172300.0,266548,0,0.96,266548,t5_2qhsa,r/interestingasfuck,11454312,False,5804,False,False,True,ihateandy2,t2_aij5n,False,,False,v.redd.it
24,gh5c5i,This man jogged 2 miles through his neighborhood carrying a TV in his hands to prove that ‚Äúlooking like a suspect‚Äù who committed a robbery isn‚Äôt a good enough excuse for the murder of Ahmaud Arbery. Neighbors waived hello to him as he jogged.,/r/nextfuckinglevel/comments/gh5c5i/this_man_jogged_2_miles_through_his_neighborhood/,hosted:video,https://v.redd.it/hxxifx1a0zx41,1589130820.0,263552,0,0.95,263552,t5_m0bnr,r/nextfuckinglevel,8505215,False,10404,False,False,True,GallowBoob,t2_iqsg6,True,,False,v.redd.it
25,l846a1,GME YOLO month-end update ‚Äî Jan 2021,/r/wallstreetbets/comments/l846a1/gme_yolo_monthend_update_jan_2021/,image,https://i.redd.it/r557em3t5ce61.png,1611954285.0,262431,0,0.97,262431,t5_2th52,r/wallstreetbets,14448536,False,20018,False,False,False,DeepFuckingValue,t2_49l8qytq,True,,False,i.redd.it
26,wgaqb3,Weatherman discovers his monitor has a touch screen... immediately turns into a kid.,/r/MadeMeSmile/comments/wgaqb3/weatherman_discovers_his_monitor_has_a_touch/,hosted:video,https://v.redd.it/dp7414os5rf91,1659643281.0,260081,0,0.97,260081,t5_2uqcm,r/MadeMeSmile,8585510,False,2331,False,False,True,shaka_sulu,t2_1nyg7qub,False,,False,v.redd.it
27,61ns2w,"Private Internet Access, a VPN provider, takes out a full page ad in The New York Time calling out 50 senators.",/r/pics/comments/61ns2w/private_internet_access_a_vpn_provider_takes_out/,image,http://i.imgur.com/GJYYNle.jpg,1490560408.0,258416,0,0.96,258416,t5_2qh0u,r/pics,30281450,False,8586,False,False,False,pdmcmahon,t2_43bks,False,['photography'],False,i.imgur.com
28,t3jq0a,Ukraine applies to join the European Union!,/r/MadeMeSmile/comments/t3jq0a/ukraine_applies_to_join_the_european_union/,,https://www.reddit.com/gallery/t3jq0a,1646066367.0,256019,0,0.9,256019,t5_2uqcm,r/MadeMeSmile,8585510,False,5283,False,False,False,PeasKhichra,t2_i5y5eyum,True,,False,reddit.com
29,gzn8tj,At a protest in Arizona,/r/pics/comments/gzn8tj/at_a_protest_in_arizona/,image,https://i.redd.it/v8y89qbj0w351.jpg,1591709669.0,255628,0,0.96,255628,t5_2qh0u,r/pics,30281450,False,11688,False,False,False,Theon_Graystark,t2_6mrin6o5,False,['photography'],False,i.redd.it
30,gw1jbg,"In England you sometimes see these ""wavy"" brick fences. And curious as it may seem, this shape uses FEWER bricks than a straight wall. A straight wall needs at least two layers of bricks to make is sturdy, but the wavy wall is fine thanks to the arch support provided by the waves.",/r/interestingasfuck/comments/gw1jbg/in_england_you_sometimes_see_these_wavy_brick/,image,https://i.redd.it/3w64cq5a5r251.jpg,1591214884.0,255204,0,0.99,255204,t5_2qhsa,r/interestingasfuck,11454312,False,3103,False,False,False,smell1s,t2_1q3y0l4i,False,,False,i.redd.it
31,x1fo9a,Beekeeper protecting his bees from being attacked by hornets,/r/nextfuckinglevel/comments/x1fo9a/beekeeper_protecting_his_bees_from_being_attacked/,hosted:video,https://v.redd.it/bhh96stcxtk91,1661855935.0,254754,0,0.95,254754,t5_m0bnr,r/nextfuckinglevel,8505215,False,6571,False,False,True,purple-circle,t2_sf7nk,True,,False,v.redd.it
32,g15hel,Every day General Grievous adds a unique lightsaber to his collection. Day 66(Finale): Every u/Raymesiris suggestion.,/r/PrequelMemes/comments/g15hel/every_day_general_grievous_adds_a_unique/,image,https://i.redd.it/pmdwpyuwbss41.jpg,1586870744.0,253641,0,0.97,253641,t5_3i60n,r/PrequelMemes,2692554,False,6916,False,False,False,Thibson34,t2_4yoe2jjx,True,,False,i.redd.it
33,il4o88,"I carved and gifted the ""Terminator pipe"" to Arnold birthday and he sent me a photo.",/r/nextfuckinglevel/comments/il4o88/i_carved_and_gifted_the_terminator_pipe_to_arnold/,image,https://i.redd.it/fzp7026ztpk51.jpg,1599044464.0,251289,0,0.98,251289,t5_m0bnr,r/nextfuckinglevel,8505215,False,1768,False,False,False,RadonLab,t2_344uralb,False,,False,i.redd.it
34,n39zq5,I created a photorealistic image of George Washington if he lived in the present day.,/r/interestingasfuck/comments/n39zq5/i_created_a_photorealistic_image_of_george/,image,https://i.redd.it/kaopcso5hqw61.jpg,1619972760.0,250734,0,0.96,250734,t5_2qhsa,r/interestingasfuck,11454312,False,6972,False,False,False,KingBaboon97,t2_3thwxrjp,False,,False,i.redd.it
35,6z699p,"My dad waits every year for the day the sun rises just right and reflects along the railroad tracks, Today was that day!",/r/pics/comments/6z699p/my_dad_waits_every_year_for_the_day_the_sun_rises/,link,https://www.flickr.com/photos/zaruka/36978499711/,1505015888.0,250393,0,0.97,250393,t5_2qh0u,r/pics,30281450,False,1989,False,False,False,Tibujon,t2_ha8zd,False,['photography'],False,flickr.com
36,mv0fzt,"Chauvin found guilty of murder, manslaughter in George Floyd's death",/r/news/comments/mv0fzt/chauvin_found_guilty_of_murder_manslaughter_in/,link,https://kstp.com/news/former-minneapolis-police-officer-derek-chauvin-found-guilty-of-murder-manslaughter-in-george-floyd-death/6081181/?cat=1,1618952864.0,250272,0,0.8,250272,t5_2qh3l,r/news,26967343,False,27677,False,False,False,Too_Hood_95,t2_f2jn1q3,True,,False,kstp.com
37,l77fdv,"Twelve years ago, the world was bankrupted and Wall Street celebrated with champagne.",/r/pics/comments/l77fdv/twelve_years_ago_the_world_was_bankrupted_and/,image,https://i.redd.it/f8w05ja8s4e61.png,1611864881.0,249882,0,0.95,249882,t5_2qh0u,r/pics,30281450,False,6676,False,False,False,a-horse-has-no-name,t2_5us3ezxh,False,['photography'],False,i.redd.it
38,p3d2h8,Firefighter snatches suicide jumper out of mid air,/r/nextfuckinglevel/comments/p3d2h8/firefighter_snatches_suicide_jumper_out_of_mid_air/,hosted:video,https://v.redd.it/md0ku1qwx0h71,1628816411.0,248567,0,0.97,248567,t5_m0bnr,r/nextfuckinglevel,8505215,False,8685,False,False,True,ImaginaryChefLouie12,t2_c37qu19z,False,,False,v.redd.it
39,mm3fmg,From patient to legislator,/r/nextfuckinglevel/comments/mm3fmg/from_patient_to_legislator/,image,https://i.redd.it/uphn6pwcirr61.jpg,1617806011.0,245548,0,0.97,245548,t5_m0bnr,r/nextfuckinglevel,8505215,False,4414,False,False,False,sucomimus,t2_14jaru,False,,False,i.redd.it
40,7ub9ax,"Local Mexican restaurant used to be a Chinese restaurant. Instead of painting over a mural, they just put sombreros on the pandas.",/r/mildlyinteresting/comments/7ub9ax/local_mexican_restaurant_used_to_be_a_chinese/,image,https://i.imgur.com/J4bFtuY.jpg,1517417352.0,245393,0,0.99,245393,t5_2ti4h,r/mildlyinteresting,22648265,False,3149,False,False,False,Bombaskos,t2_ggy0d,False,,False,i.imgur.com
41,l881ia,It‚Äôs treason then,/r/wallstreetbets/comments/l881ia/its_treason_then/,image,https://i.redd.it/d3t66lv1yce61.jpg,1611963659.0,244567,0,0.98,244567,t5_2th52,r/wallstreetbets,14448536,False,4620,False,False,False,keenfeed,t2_2somh3m2,True,,False,i.redd.it
42,guua33,Nickelodeon went off the air for a full 8 minutes and 46 seconds to protest police brutality,/r/nextfuckinglevel/comments/guua33/nickelodeon_went_off_the_air_for_a_full_8_minutes/,hosted:video,https://v.redd.it/rt3z27ndhd251,1591049466.0,244107,0,0.95,244107,t5_m0bnr,r/nextfuckinglevel,8505215,False,3764,False,False,True,Speedbird235,t2_2zk3byl,False,,False,v.redd.it
43,t0m13z,"The breathtaking bravery of Russian citizens who know they‚Äôll be arrested, and worse, for protesting the war and do it anyway.",/r/MadeMeSmile/comments/t0m13z/the_breathtaking_bravery_of_russian_citizens_who/,image,https://i.redd.it/u9kqlmpnnuj81.jpg,1645738388.0,243663,0,0.95,243663,t5_2uqcm,r/MadeMeSmile,8585510,False,2339,False,False,False,Ace-Ventura1934,t2_2k4msgx6,True,,False,i.redd.it
44,exng3g,Bunnies flop over when they feel completely safe,/r/aww/comments/exng3g/bunnies_flop_over_when_they_feel_completely_safe/,hosted:video,https://v.redd.it/trn6nvka2ie41,1580644695.0,241966,0,0.99,241966,t5_2qh1o,r/aww,34872600,False,1788,False,False,True,iamnobodyelsel,t2_1moc9rdn,False,,False,v.redd.it
45,kk478s,My parents (late 70s) got me a ps5 controller for Christmas. I do not own a playstation 5...,/r/gaming/comments/kk478s/my_parents_late_70s_got_me_a_ps5_controller_for/,image,https://i.redd.it/0xotzavbtd761.jpg,1608923250.0,241207,0,0.94,241207,t5_2qh03,r/gaming,38633563,False,5501,False,False,False,Yabba_Dabbs,t2_3lvy5ioo,False,,False,i.redd.it
46,rt5ra5,After 16 years of homelessness I finally have my own place.,/r/MadeMeSmile/comments/rt5ra5/after_16_years_of_homelessness_i_finally_have_my/,image,https://i.redd.it/8sq058n1ny881.jpg,1640992284.0,239004,0,0.95,239004,t5_2uqcm,r/MadeMeSmile,8585510,False,4885,False,False,False,thefakerealdrpepper,t2_5hcos1li,True,,False,i.redd.it
47,gyxtur,"A man of focus, commitment and sheer will",/r/nextfuckinglevel/comments/gyxtur/a_man_of_focus_commitment_and_sheer_will/,image,https://i.redd.it/i7fofecfco351.jpg,1591616813.0,237719,0,0.95,237719,t5_m0bnr,r/nextfuckinglevel,8505215,False,4835,False,False,False,MohanBhargava,t2_3yutpvd7,False,,False,i.redd.it
48,ioyntd,Oregon wildfires making it look straight apocalyptic,/r/pics/comments/ioyntd/oregon_wildfires_making_it_look_straight/,image,https://i.redd.it/c4d2tvxsryl51.jpg,1599588318.0,236314,0,0.98,236314,t5_2qh0u,r/pics,30281450,False,5565,False,False,False,RavenRosie,t2_h941yz,False,['photography'],False,i.redd.it
49,fdemc6,"2500 mile flight, 2 hour drive, 6 hour hike, and my wife is at rest.",/r/pics/comments/fdemc6/2500_mile_flight_2_hour_drive_6_hour_hike_and_my/,image,https://i.redd.it/jxxn2s6jbok41.jpg,1583335842.0,235285,0,0.91,235285,t5_2qh0u,r/pics,30281450,False,5941,False,False,False,MECHASCHMECK,t2_xntzx,True,['photography'],False,i.redd.it
50,j3oj21,President Donald Trump says he has tested positive for coronavirus,/r/news/comments/j3oj21/president_donald_trump_says_he_has_tested/,link,https://www.cnbc.com/2020/10/02/president-donald-trump-says-he-has-tested-positive-for-coronavirus.html,1601615057.0,233322,0,0.94,233322,t5_2qh3l,r/news,26967343,False,33329,False,False,False,hoosakiwi,t2_9cl0t,True,,False,cnbc.com
51,oy86j3,Guy gets to feel like a kid again instead of being seen as creepy,/r/MadeMeSmile/comments/oy86j3/guy_gets_to_feel_like_a_kid_again_instead_of/,image,https://i.redd.it/f3bb0rs3agf71.jpg,1628130412.0,233112,0,0.99,233112,t5_2uqcm,r/MadeMeSmile,8585510,False,2936,False,False,False,izaby,t2_5hkw8evm,False,,False,i.redd.it
52,ls63yn,He took off his clothes to prove a valuable point. Praise this man,/r/nextfuckinglevel/comments/ls63yn/he_took_off_his_clothes_to_prove_a_valuable_point/,image,https://i.redd.it/bliduswugmj61.jpg,1614258187.0,232647,0,0.97,232647,t5_m0bnr,r/nextfuckinglevel,8505215,False,2039,False,False,False,_buzzedlightyear,t2_a1u7mvz2,False,,False,i.redd.it
53,uzdr2t,Me winning a free beer by stopping the timer at exactly 10 seconds,/r/oddlysatisfying/comments/uzdr2t/me_winning_a_free_beer_by_stopping_the_timer_at/,hosted:video,https://v.redd.it/dl4gkbhmn4291,1653704713.0,232534,0,0.96,232534,t5_2x93b,r/oddlysatisfying,10132504,False,2836,False,False,True,coolbean36,t2_8dk0mfx2,False,,False,v.redd.it
54,i3izcv,First day of school in a Georgia town. One of the biggest virus hot zones in the world.,/r/pics/comments/i3izcv/first_day_of_school_in_a_georgia_town_one_of_the/,image,https://i.redd.it/sp44ts8rize51.jpg,1596546444.0,231891,0,0.93,231891,t5_2qh0u,r/pics,30281450,False,18943,False,False,False,[deleted],,,['photography'],False,i.redd.it
55,5bx4bx,"Thanks, Obama.",/r/pics/comments/5bx4bx/thanks_obama/,link,https://i.reddituploads.com/58986555f545487c9d449bd5d9326528?fit=max&amp;h=1536&amp;w=1536&amp;s=c15543d234ef9bbb27cb168b01afb87d,1478651245.0,230833,0,0.91,230833,t5_2qh0u,r/pics,30281450,False,6025,False,False,False,Itsjorgehernandez,t2_a0zyg,False,['photography'],False,i.reddituploads.com
56,xjfamr,Iranian women burning their hijabs after a 22 year-old girl was killed by the ‚Äúmorality police‚Äù,/r/nextfuckinglevel/comments/xjfamr/iranian_women_burning_their_hijabs_after_a_22/,hosted:video,https://v.redd.it/4xyi06amv1p91,1663695732.0,229003,0,0.91,229003,t5_m0bnr,r/nextfuckinglevel,8505215,False,8147,False,False,True,iminiki,t2_hr7sb,False,,False,v.redd.it
57,u9498w,Johnny Depp dealing with clown attorney at day 7 of court trial,/r/nextfuckinglevel/comments/u9498w/johnny_depp_dealing_with_clown_attorney_at_day_7/,hosted:video,https://v.redd.it/ryodudwotzu81,1650595291.0,228955,0,0.9,228955,t5_m0bnr,r/nextfuckinglevel,8505215,False,7177,False,False,True,Chinchillin09,t2_17c802,False,,False,v.redd.it
58,aohpmo,"Given that reddit just took a $150 million investment from a Chinese censorship powerhouse, I thought it would be nice to post this picture of ""Tank Man"" at Tienanmen Square before our new glorious overlords decide we cannot post it anymore.",/r/pics/comments/aohpmo/given_that_reddit_just_took_a_150_million/,image,https://i.redd.it/luk4bhymxbf21.jpg,1549640421.0,228917,0,0.94,228917,t5_2qh0u,r/pics,30281450,False,6248,False,False,False,FreeSpeechWarrior,t2_1ww3fe,False,['photography'],False,i.redd.it
59,l6x130,"CLASS ACTION AGAINST ROBINHOOD. Allowing people to only sell is the definition of market manipulation. A class action must be started, Robinhood has made plenty of money off selling info about our trades to the hedge funds to be able to pay out a little for causing people to loose money now",/r/wallstreetbets/comments/l6x130/class_action_against_robinhood_allowing_people_to/,,https://www.reddit.com/r/wallstreetbets/comments/l6x130/class_action_against_robinhood_allowing_people_to/,1611841751.0,227667,0,0.97,227667,t5_2th52,r/wallstreetbets,14448536,False,17936,False,True,False,does-it-mater,t2_7xln8iwn,False,,1611855885.0,self.wallstreetbets
60,t3osvy,[OC] The end of my journey - me and my sister reunited with our father.,/r/pics/comments/t3osvy/oc_the_end_of_my_journey_me_and_my_sister/,image,https://i.redd.it/k92svbtqtmk81.jpg,1646079428.0,227200,0,0.88,227200,t5_2qh0u,r/pics,30281450,False,2051,False,False,False,Olya_roo,t2_8av19m2y,True,['photography'],False,i.redd.it
61,a1yofz,I got off the horse by accident right before a cutscene in red dead,/r/gaming/comments/a1yofz/i_got_off_the_horse_by_accident_right_before_a/,rich:video,https://gfycat.com/HopefulBriefFlickertailsquirrel,1543628242.0,227157,0,0.97,227157,t5_2qh03,r/gaming,38633563,False,2193,False,False,False,springfart,t2_6at9v,False,,False,gfycat.com
62,dfn3yi,Blizzard Employees Staged a Walkout After the Company Banned a Gamer for Pro-Hong Kong Views,/r/news/comments/dfn3yi/blizzard_employees_staged_a_walkout_after_the/,link,https://www.thedailybeast.com/blizzard-employees-staged-a-walkout-to-protest-banned-pro-hong-kong-gamer,1570653917.0,226327,0,0.97,226327,t5_2qh3l,r/news,26967343,False,9435,False,False,False,SageMo,t2_167ibb,False,,False,thedailybeast.com
63,mqdgix,"My deaf puppy doesn‚Äôt notice whenever I come home, so I get to wake her up gently and see her innocent excitement.",/r/aww/comments/mqdgix/my_deaf_puppy_doesnt_notice_whenever_i_come_home/,hosted:video,https://v.redd.it/fqkrsp1br0t61,1618353872.0,225513,0,0.98,225513,t5_2qh1o,r/aww,34872600,False,2706,False,False,True,devinmburgess,t2_er8p7,False,,False,v.redd.it
64,lu42yh,Gotta love The Rock. Fathers will do anything to help each other out!,/r/nextfuckinglevel/comments/lu42yh/gotta_love_the_rock_fathers_will_do_anything_to/,hosted:video,https://v.redd.it/u849fwmwy4k61,1614482218.0,225428,0,0.97,225428,t5_m0bnr,r/nextfuckinglevel,8505215,False,2111,False,False,True,NRGpop,t2_5wj3v3t3,True,,False,v.redd.it
65,juqm4s,"There are massive floods in southeast Mexico right now. These guys in a boat found a good boy who was cold, frightened, and clinging to a wall. Heroes...",/r/nextfuckinglevel/comments/juqm4s/there_are_massive_floods_in_southeast_mexico/,hosted:video,https://v.redd.it/fil7foka5gz51,1605464746.0,225185,0,0.97,225185,t5_m0bnr,r/nextfuckinglevel,8505215,False,1897,False,False,True,m3antar,t2_6zh50lp,False,,False,v.redd.it
66,h8br11,This is the worst picture ever taken of me,/r/pics/comments/h8br11/this_is_the_worst_picture_ever_taken_of_me/,image,https://i.redd.it/2grm0ms5pp451.png,1592069366.0,224008,0,0.97,224008,t5_2qh0u,r/pics,30281450,False,3155,False,False,False,TurnipTimeMyGuys,t2_5ijedpy6,False,['photography'],False,i.redd.it
67,ktrcoo,How it started and how it‚Äôs going,/r/pics/comments/ktrcoo/how_it_started_and_how_its_going/,image,https://i.redd.it/mpmyvq8tbba61.jpg,1610200681.0,223633,0,0.88,223633,t5_2qh0u,r/pics,30281450,False,10701,False,False,False,DaFunkJunkie,t2_4bxi11t9,True,['photography'],False,i.redd.it
68,cp4sce,DEMOCRACY NOW,/r/pics/comments/cp4sce/democracy_now/,image,https://i.redd.it/6tcarmtiwwf31.jpg,1565569541.0,223569,0,0.97,223569,t5_2qh0u,r/pics,30281450,False,4671,False,False,False,foxeydog,t2_138fyk,False,['photography'],False,i.redd.it
69,fqwind,"After 11 hospital days and losing 12kg, my 78yr old dad is home and recovered from Covid in Madrid!",/r/pics/comments/fqwind/after_11_hospital_days_and_losing_12kg_my_78yr/,image,https://i.redd.it/lal8n9oeeip41.jpg,1585442967.0,223438,0,0.95,223438,t5_2qh0u,r/pics,30281450,False,2267,False,False,False,notmelaniatrump,t2_1c95ufa0,False,['photography'],False,i.redd.it
70,x600yd,brendan fraser moved to tears as he receives a 6 minute standing ovation during the premiere of 'the whale',/r/MadeMeSmile/comments/x600yd/brendan_fraser_moved_to_tears_as_he_receives_a_6/,hosted:video,https://v.redd.it/45s51lkh7xl91,1662331517.0,223415,0,0.94,223415,t5_2uqcm,r/MadeMeSmile,8585510,False,5475,False,False,True,bewarethechameleon,t2_56ydripj,False,,False,v.redd.it
71,5sfexx,"This is Shelia Fredrick, a flight attendant. She noticed a terrified girl accompanied by an older man. She left a note in the bathroom on which the victim wrote that she needed help. The police was alerted &amp; the girl was saved from a human trafficker. We should honor our heroes.",/r/pics/comments/5sfexx/this_is_shelia_fredrick_a_flight_attendant_she/,link,https://i.reddituploads.com/d1e77b5c62694624ba7235a57431f070?fit=max&amp;h=1536&amp;w=1536&amp;s=b3103272b2bf369f5c42396b09c4caf8,1486400800.0,222808,0,0.95,222808,t5_2qh0u,r/pics,30281450,False,4319,False,False,False,[deleted],,,['photography'],False,i.reddituploads.com
72,lnqgz8,GME YOLO update ‚Äî Feb 19 2021,/r/wallstreetbets/comments/lnqgz8/gme_yolo_update_feb_19_2021/,image,https://i.redd.it/2xswz0h11ii61.png,1613768755.0,222753,0,0.96,222753,t5_2th52,r/wallstreetbets,14448536,False,12946,False,False,False,DeepFuckingValue,t2_49l8qytq,True,,False,i.redd.it
73,l18yys,Trump has left the White House for the last time as President,/r/news/comments/l18yys/trump_has_left_the_white_house_for_the_last_time/,link,https://edition.cnn.com/politics/live-news/biden-harris-inauguration-day-2021/h_3a1320a33c4bca4445d129010660144c,1611148604.0,222634,0,0.82,222634,t5_2qh3l,r/news,26967343,False,11684,False,False,False,gumball_Jones,t2_13m39t,True,,False,edition.cnn.com
74,ablzuq,"People who haven't pooped in 2019 yet, why are you still holding on to last years shit?",/r/AskReddit/comments/ablzuq/people_who_havent_pooped_in_2019_yet_why_are_you/,,https://www.reddit.com/r/AskReddit/comments/ablzuq/people_who_havent_pooped_in_2019_yet_why_are_you/,1546376787.0,221992,0,0.91,221992,t5_2qh1i,r/AskReddit,43751313,False,7949,False,True,False,ShoddySubstance,t2_2uhed5z4,False,,1546379983.0,self.AskReddit
75,ksmvhx,All of a sudden ‚ÄúLaw &amp; Order‚Äù doesn‚Äôt apply?,/r/MurderedByWords/comments/ksmvhx/all_of_a_sudden_law_order_doesnt_apply/,image,https://i.redd.it/0u2b9er67z961.jpg,1610053844.0,221578,0,0.91,221578,t5_3hx3r,r/MurderedByWords,2838807,False,6233,False,False,False,Apollo611,t2_4doownrv,False,,False,i.redd.it
76,cmrkpt,The dog is supposed to run up in front of her and sit.,/r/aww/comments/cmrkpt/the_dog_is_supposed_to_run_up_in_front_of_her_and/,rich:video,https://gfycat.com/bewitchedpleasedbongo,1565103161.0,221378,0,0.99,221378,t5_2qh1o,r/aww,34872600,False,2780,False,False,False,socialpronk,t2_mgaxb,False,,False,gfycat.com
77,vqghhh,me_irl,/r/meirl/comments/vqghhh/me_irl/,image,https://i.redd.it/ny4s58h01e991.jpg,1656851112.0,221074,0,0.96,221074,t5_2s5ti,r/meirl,2596305,False,2844,False,False,False,-TripleABattery-,t2_70apjwjb,False,,False,i.redd.it
78,v235g0,Vietnam veteran being told how much his Rolex watch is worth,/r/interestingasfuck/comments/v235g0/vietnam_veteran_being_told_how_much_his_rolex/,hosted:video,https://v.redd.it/nwa2b69pbw291,1654039730.0,220630,0,0.95,220630,t5_2qhsa,r/interestingasfuck,11454312,False,3428,False,False,True,Mad_Season_1994,t2_ghugl874,False,,False,v.redd.it
79,lvcakc,boy gamer,/r/gaming/comments/lvcakc/boy_gamer/,image,https://i.redd.it/01kjlv7psfk61.jpg,1614613269.0,220464,0,0.91,220464,t5_2qh03,r/gaming,38633563,False,6548,False,False,False,velabas,t2_5vu9g,False,,False,i.redd.it
80,w63dgy,Player realizes that he nearly stole the dogs job,/r/MadeMeSmile/comments/w63dgy/player_realizes_that_he_nearly_stole_the_dogs_job/,hosted:video,https://v.redd.it/ajz3tpajwcd91,1658580900.0,220407,0,0.97,220407,t5_2uqcm,r/MadeMeSmile,8585510,False,1252,False,False,True,Morgentau7,t2_2hy2xjit,False,,False,v.redd.it
81,d8bvvm,What a considerate man,/r/wholesomememes/comments/d8bvvm/what_a_considerate_man/,image,https://i.redd.it/eihhjg3veeo31.jpg,1569268311.0,220305,0,0.99,220305,t5_3gcwj,r/wholesomememes,14737215,False,1513,False,False,False,VictorJ45,t2_2a8dvg7s,False,,False,i.redd.it
82,vgto0l,Student who is late for class answers a question correctly in seconds,/r/nextfuckinglevel/comments/vgto0l/student_who_is_late_for_class_answers_a_question/,hosted:video,https://v.redd.it/wej9cthhvt691,1655753422.0,220122,0,0.95,220122,t5_m0bnr,r/nextfuckinglevel,8505215,False,3641,False,False,True,jablanovix,t2_8czmqxuj,False,,False,v.redd.it
83,frdd1d,"I'm 17 years old and just finished building this 14.7"" f/2.89 Newtonian reflector telescope. Despite its stubby size it collects roughly 2500 times more light than the human eye and is bigger than the scope at my local observatory.",/r/space/comments/frdd1d/im_17_years_old_and_just_finished_building_this/,image,https://i.redd.it/luf6z5ghfop41.jpg,1585516106.0,219753,0,0.92,219753,t5_2qh87,r/space,24300730,False,4993,False,False,False,__Augustus_,t2_shyxi,True,,False,i.redd.it
84,aonp75,Whoever created the tradition of not seeing the bride in the wedding dress beforehand saved countless husbands everywhere from hours of dress shopping and will forever be a hero to all men.,/r/Showerthoughts/comments/aonp75/whoever_created_the_tradition_of_not_seeing_the/,,https://www.reddit.com/r/Showerthoughts/comments/aonp75/whoever_created_the_tradition_of_not_seeing_the/,1549676620.0,219175,0,0.96,219175,t5_2szyo,r/Showerthoughts,28784913,False,2060,False,True,False,Yorkshire45,t2_17oy1qcm,False,,1549720567.0,self.Showerthoughts
85,10lcvuy,Trust the process guys,/r/HumansBeingBros/comments/10lcvuy/trust_the_process_guys/,hosted:video,https://v.redd.it/nqzstibfv9ea1,1674688577.0,218095,0,0.98,218095,t5_2xh58,r/HumansBeingBros,5345733,False,4228,False,False,True,ThoumasTurbando,t2_usejv7ts,False,,False,v.redd.it
86,kbxb0n,I overcame my depression and went for a hike :) It's the small things.,/r/pics/comments/kbxb0n/i_overcame_my_depression_and_went_for_a_hike_its/,image,https://i.redd.it/aqsyinwspt461.jpg,1607808225.0,218055,0,0.88,218055,t5_2qh0u,r/pics,30281450,False,4611,False,False,False,JesseD320,t2_1vhxwkpy,True,['photography'],False,i.redd.it
87,ub0ln2,Fans didn't forget them..,/r/MadeMeSmile/comments/ub0ln2/fans_didnt_forget_them/,image,https://i.redd.it/eicshce7piv81.jpg,1650823803.0,217988,0,0.95,217988,t5_2uqcm,r/MadeMeSmile,8585510,False,1628,False,False,False,[deleted],,,,False,i.redd.it
88,l7530r,"How would you feel about Reddit adding 3 NSFW filters to distinguish between porn, gore, and repetitive posts asking how you would feel about Reddit adding 2 NSFW filters to distinguish between porn and gore?",/r/AskReddit/comments/l7530r/how_would_you_feel_about_reddit_adding_3_nsfw/,,https://www.reddit.com/r/AskReddit/comments/l7530r/how_would_you_feel_about_reddit_adding_3_nsfw/,1611859882.0,217924,0,0.87,217924,t5_2qh1i,r/AskReddit,43751313,True,2910,False,True,False,SoupIsAHotSmoothie,t2_4df08om5,False,,False,self.AskReddit
89,s6gkqt,Riding abandoned railroad tracks in Southern California with my railcart,/r/interestingasfuck/comments/s6gkqt/riding_abandoned_railroad_tracks_in_southern/,hosted:video,https://v.redd.it/f6iekvibobc81,1642457716.0,217888,0,0.97,217888,t5_2qhsa,r/interestingasfuck,11454312,False,4042,False,False,True,RphilRT,t2_59dk0u9w,False,,False,v.redd.it
90,gx6ol5,The road to the White House just got a fresh paint job.,/r/interestingasfuck/comments/gx6ol5/the_road_to_the_white_house_just_got_a_fresh/,image,https://i.redd.it/up1jlc4514351.jpg,1591370879.0,217756,0,0.91,217756,t5_2qhsa,r/interestingasfuck,11454312,False,6374,False,False,False,N301CF,t2_xac5p,False,,False,i.redd.it
91,v3dd0b,"Dad is admiring a car he sees parked in a restaurant parking lot, it reminds him of his old car that he had to sell to to help raise kids. He's reminiscing and telling stories, then the daughter hands him the keys",/r/MadeMeSmile/comments/v3dd0b/dad_is_admiring_a_car_he_sees_parked_in_a/,hosted:video,https://v.redd.it/nz9wq7r7n8391,1654188857.0,217398,0,0.94,217398,t5_2uqcm,r/MadeMeSmile,8585510,False,4359,False,False,True,Swerwin,t2_d6sqj5ut,True,,False,v.redd.it
92,l6ekdz,GME YOLO update ‚Äî Jan 27 2021 --------------------------------------- guess i need 102 characters in title now,/r/wallstreetbets/comments/l6ekdz/gme_yolo_update_jan_27_2021_guess_i_need_102/,image,https://i.redd.it/a309gkm5yxd61.png,1611782135.0,216960,0,0.96,216960,t5_2th52,r/wallstreetbets,14448536,False,14714,False,False,False,DeepFuckingValue,t2_49l8qytq,True,,False,i.redd.it
93,t39fce,[OC] We did it. We crossed the border,/r/pics/comments/t39fce/oc_we_did_it_we_crossed_the_border/,image,https://i.redd.it/050gbf5vuik81.jpg,1646031385.0,216423,0,0.84,216423,t5_2qh0u,r/pics,30281450,False,2378,False,False,False,Olya_roo,t2_8av19m2y,True,['photography'],False,i.redd.it
94,z1c9z,"I am Barack Obama, President of the United States -- AMA",/r/IAmA/comments/z1c9z/i_am_barack_obama_president_of_the_united_states/,self,https://www.reddit.com/r/IAmA/comments/z1c9z/i_am_barack_obama_president_of_the_united_states/,1346270496.0,216184,0,0.68,216184,t5_2qzb6,r/IAmA,22559784,False,22841,False,True,False,PresidentObama,t2_8t1cq,False,,1346276503.0,self.IAmA
95,lemtxy,Did they really think that answer was a good one?,/r/MurderedByWords/comments/lemtxy/did_they_really_think_that_answer_was_a_good_one/,image,https://i.redd.it/1aiq766892g61.png,1612705954.0,215992,0,0.95,215992,t5_3hx3r,r/MurderedByWords,2838807,False,4284,False,False,False,beerbellybegone,t2_w96cj,True,,False,i.redd.it
96,lae6j0,GME YOLO update ‚Äî Feb 1 2021,/r/wallstreetbets/comments/lae6j0/gme_yolo_update_feb_1_2021/,image,https://i.redd.it/og8ca1xskxe61.png,1612213656.0,215884,0,0.96,215884,t5_2th52,r/wallstreetbets,14448536,False,18177,False,False,False,DeepFuckingValue,t2_49l8qytq,True,,False,i.redd.it
97,arfjs5,This person sold their VHS player on eBay and got a surprise letter in the mailbox.,/r/pics/comments/arfjs5/this_person_sold_their_vhs_player_on_ebay_and_got/,image,https://i.imgur.com/73ZJIme.jpg,1550366784.0,215838,0,0.89,215838,t5_2qh0u,r/pics,30281450,False,2524,False,False,False,effectivepep,t2_2v5h2381,False,['photography'],False,i.imgur.com
98,bbql1i,This is Dr Katie Bouman the computer scientist behind the first ever image of a black-hole. She developed the algorithm that turned telescopic data into the historic photo we see today.,/r/pics/comments/bbql1i/this_is_dr_katie_bouman_the_computer_scientist/,image,https://i.redd.it/shhy0jzoshr21.jpg,1554926298.0,215617,0,0.91,215617,t5_2qh0u,r/pics,30281450,False,6211,False,False,False,iKojan,t2_fv67q,False,['photography'],False,i.redd.it
99,x8tu7x,When you meet a person who's energy matches with yours.,/r/MadeMeSmile/comments/x8tu7x/when_you_meet_a_person_whos_energy_matches_with/,hosted:video,https://v.redd.it/gf3r60gh8lm91,1662622434.0,215506,0,0.97,215506,t5_2uqcm,r/MadeMeSmile,8585510,False,5132,False,False,True,esberat,t2_nftqw,True,,False,v.redd.it
